#,Company,Symbol,Weight,Price,Chg,% Chg
1,Nvidia,NVDA,0.0731,178.88,-1.76,-0.0097
2,Apple Inc.,AAPL,0.0674,271.49,5.24,-0.0197
3,Microsoft,MSFT,0.059000000000000004,472.12,-6.31,-0.0132
4,Amazon,AMZN,0.039599999999999996,220.69,3.55,-0.0163
5,Alphabet Inc. (Class A),GOOGL,0.0315,299.66,10.21,-0.0353
6,Alphabet Inc. (Class C),GOOG,0.029300000000000003,299.65,9.67,-0.0333
7,Broadcom,AVGO,0.027000000000000003,340.2,-6.62,-0.0191
8,Meta Platforms,META,0.0252,594.25,5.1,-0.0087
9,"Tesla, Inc.",TSLA,0.0219,391.09,-4.14,-0.0105
10,Berkshire Hathaway,BRK.B,0.0183,504.04,2.92,-0.0058
11,Lilly (Eli),LLY,0.0159,1059.7,16.41,-0.015700000000000002
12,Walmart,WMT,0.0141,105.32,-1.79,-0.0167
13,JPMorgan Chase,JPM,0.013600000000000001,298.02,-0.36,-0.0012
14,Visa Inc.,V,0.0106,327.98,4.21,-0.013000000000000001
15,Oracle Corporation,ORCL,0.0095,198.76,-11.93,-0.056600000000000004
16,ExxonMobil,XOM,0.0083,117.08,0.06,-0.0005
17,Johnson & Johnson,JNJ,0.0083,203.9,0.83,-0.0040999999999999995
18,Mastercard,MA,0.008199999999999999,540.4,12.52,-0.023700000000000002
19,Netflix,NFLX,0.0074,104.31,-1.36,-0.0129
20,AbbVie,ABBV,0.006999999999999999,236.28,6.83,-0.0298
21,Costco,COST,0.0067,899.01,5.72,-0.0064
22,Bank of America,BAC,0.0063,51.56,0.56,-0.011000000000000001
23,Palantir Technologies,PLTR,0.0062,154.85,-0.9,-0.005699999999999999
24,Procter & Gamble,PG,0.0059,150.92,2.73,-0.0184
25,Home Depot (The),HD,0.005699999999999999,343.32,10.94,-0.0329
26,Advanced Micro Devices,AMD,0.005600000000000001,203.78,-2.24,-0.0109
27,Coca-Cola Company (The),KO,0.0053,72.95,1.74,-0.024399999999999998
28,GE Aerospace,GE,0.0051,287.44,-3.18,-0.0109
29,Cisco,CSCO,0.0051,76.1,0.66,-0.0087
30,Chevron Corporation,CVX,0.005,149.98,-0.33,-0.0022
31,UnitedHealth Group,UNH,0.0049,319.97,8.43,-0.0271
32,IBM,IBM,0.004699999999999999,297.44,7.04,-0.0242
33,Wells Fargo,WFC,0.0044,83.11,0.71,-0.0086
34,Caterpillar Inc.,CAT,0.0043,550.43,4.3,-0.0079
35,Morgan Stanley,MS,0.0042,158.17,-0.53,-0.0033
36,American Express,AXP,0.0040999999999999995,352.89,9.09,-0.0264
37,Merck & Co.,MRK,0.0040999999999999995,97.76,2.79,-0.0294
38,Philip Morris International,PM,0.0040999999999999995,155.24,-0.41,-0.0026
39,T-Mobile US,TMUS,0.0039000000000000003,209.48,-1.03,-0.0049
40,Micron Technology,MU,0.0039000000000000003,207.37,6.0,-0.0298
41,Goldman Sachs,GS,0.0039000000000000003,774.03,0.33,-0.0004
42,RTX Corporation,RTX,0.0038,169.68,-3.05,-0.0177
43,Abbott Laboratories,ABT,0.0037,128.11,4.14,-0.0334
44,Thermo Fisher Scientific,TMO,0.0037,587.48,14.74,-0.025699999999999997
45,McDonald's,MCD,0.0037,309.35,5.19,-0.0171
46,Salesforce,CRM,0.0036,227.11,1.74,-0.0077
47,PepsiCo,PEP,0.0034000000000000002,146.33,0.23,-0.0016
48,Intuitive Surgical,ISRG,0.0033,561.61,9.38,-0.017
49,Linde plc,LIN,0.0032,412.74,4.23,-0.0104
50,Walt Disney Company (The),DIS,0.0031,104.28,1.58,-0.0154
51,Intuit,INTU,0.0031,663.15,25.71,-0.0403
52,AT&T,T,0.0031,25.93,0.41,-0.0161
53,Amgen,AMGN,0.0031,337.54,1.47,-0.0044
54,Lam Research,LRCX,0.003,142.65,3.06,-0.0219
55,Applied Materials,AMAT,0.003,224.01,3.78,-0.0171
56,Citigroup,C,0.003,98.7,1.07,-0.011000000000000001
57,AppLovin Corporation,APP,0.003,520.26,-0.56,-0.0011
58,Qualcomm,QCOM,0.0029,163.3,3.71,-0.0232
59,Uber,UBER,0.0029,83.87,0.51,-0.0060999999999999995
60,NextEra Energy,NEE,0.0029,83.48,-0.82,-0.0097
61,Verizon,VZ,0.0029,41.23,0.47,-0.0115
62,ServiceNow,NOW,0.0028000000000000004,813.43,12.97,-0.016200000000000003
63,TJX Companies,TJX,0.0028000000000000004,151.43,3.36,-0.0227
64,Intel,INTC,0.0028000000000000004,34.5,0.88,-0.0262
65,Amphenol,APH,0.0027,131.6,1.24,-0.0095
66,Charles Schwab Corporation,SCHW,0.0027,90.51,0.02,-0.0002
67,Danaher Corporation,DHR,0.0027,227.39,5.21,-0.023399999999999997
68,BlackRock,BLK,0.0026,1014.72,22.2,-0.022400000000000003
69,Gilead Sciences,GILD,0.0026,126.64,1.65,-0.0132
70,Accenture,ACN,0.0026,251.85,11.06,-0.045899999999999996
71,Booking Holdings,BKNG,0.0026,4768.0,184.9,-0.0403
72,GE Vernova,GEV,0.0025,555.84,-2.19,-0.0039000000000000003
73,S&P Global,SPGI,0.0025,493.6,2.69,-0.0055000000000000005
74,Arista Networks,ANET,0.0025,117.43,-2.16,-0.0181
75,Texas Instruments,TXN,0.0024,159.4,6.07,-0.039599999999999996
76,KLA Corporation,KLAC,0.0024,1097.12,-5.33,-0.0048
77,Boston Scientific,BSX,0.0024,96.88,0.28,-0.0029
78,Pfizer,PFE,0.0024,25.04,0.64,-0.0262
79,Stryker Corporation,SYK,0.0024,368.27,7.79,-0.0216
80,Welltower,WELL,0.0023,199.93,2.35,-0.011899999999999999
81,Boeing,BA,0.0023,179.7,0.32,-0.0018
82,Adobe Inc.,ADBE,0.0023,324.19,11.79,-0.0377
83,Union Pacific Corporation,UNP,0.0023,226.22,5.01,-0.0226
84,Progressive Corporation,PGR,0.0022,226.91,0.91,-0.004
85,Capital One,COF,0.0022,207.87,5.65,-0.0279
86,Deere & Company,DE,0.0022,487.24,10.91,-0.0229
87,Lowe's,LOW,0.0022,234.29,5.86,-0.025699999999999997
88,Medtronic,MDT,0.0022,101.2,1.85,-0.018600000000000002
89,Eaton Corporation,ETN,0.0022,331.71,3.52,-0.010700000000000001
90,Palo Alto Networks,PANW,0.0021,182.9,-2.17,-0.011699999999999999
91,CrowdStrike,CRWD,0.0021,490.67,-10.64,-0.0212
92,Honeywell,HON,0.002,190.02,1.88,-0.01
93,Chubb Limited,CB,0.002,298.29,1.97,-0.0066
94,Prologis,PLD,0.002,125.79,2.67,-0.0217
95,Analog Devices,ADI,0.0019,232.32,7.12,-0.0316
96,HCA Healthcare,HCA,0.0019,491.0,14.72,-0.030899999999999997
97,Blackstone Inc.,BX,0.0019,142.67,4.25,-0.030699999999999998
98,Vertex Pharmaceuticals,VRTX,0.0018,426.76,4.44,-0.0105
99,ConocoPhillips,COP,0.0018,87.37,-0.1,-0.0011
100,McKesson Corporation,MCK,0.0018,866.03,16.57,-0.0195
101,Lockheed Martin,LMT,0.0018,460.78,-7.48,-0.016
102,Parker Hannifin,PH,0.0018,839.57,20.17,-0.0246
103,KKR,KKR,0.0018,118.67,4.26,-0.037200000000000004
104,Constellation Energy,CEG,0.0018,338.11,-7.67,-0.0222
105,Automatic Data Processing,ADP,0.0017000000000000001,253.12,4.06,-0.0163
106,Comcast,CMCSA,0.0017000000000000001,27.35,0.72,-0.027000000000000003
107,CVS Health,CVS,0.0017000000000000001,78.03,1.99,-0.0262
108,CME Group,CME,0.0017000000000000001,273.09,-2.13,-0.0077
109,Southern Company,SO,0.0017000000000000001,89.27,0.7,-0.0079
110,Altria,MO,0.0016,58.19,0.01,-0.0002
111,Starbucks,SBUX,0.0016,85.35,2.73,-0.033
112,"Robinhood Markets, Inc.",HOOD,0.0016,107.3,1.09,-0.0103
113,Duke Energy,DUK,0.0016,122.8,0.26,-0.0021
114,Bristol Myers Squibb,BMY,0.0016,46.25,0.31,-0.0067
115,"Nike, Inc.",NKE,0.0016,62.8,1.37,-0.0223
116,General Dynamics,GD,0.0015,340.34,0.9,-0.0027
117,Newmont,NEM,0.0015,83.49,1.49,-0.0182
118,Trane Technologies,TT,0.0015,410.1,10.04,-0.025099999999999997
119,3M,MMM,0.0015,168.09,3.48,-0.021099999999999997
120,Marsh McLennan,MMC,0.0015,180.92,1.97,-0.011000000000000001
121,Intercontinental Exchange,ICE,0.0015,154.43,2.77,-0.0183
122,Waste Management,WM,0.0015,216.62,-0.18,-0.0008
123,Moody's Corporation,MCO,0.0014000000000000002,479.65,5.13,-0.0108
124,O'Reilly Auto Parts,ORLY,0.0014000000000000002,100.43,1.42,-0.0143
125,American Tower,AMT,0.0014000000000000002,179.56,0.44,-0.0025
126,Sherwin-Williams,SHW,0.0014000000000000002,337.06,9.05,-0.0276
127,Dell Technologies,DELL,0.0014000000000000002,122.51,5.11,-0.0435
128,Cadence Design Systems,CDNS,0.0014000000000000002,300.58,-1.56,-0.0052
129,DoorDash,DASH,0.0014000000000000002,189.63,1.9,-0.0101
130,Northrop Grumman,NOC,0.0014000000000000002,566.7,-0.65,-0.0011
131,United Parcel Service,UPS,0.0013,94.66,3.79,-0.0417
132,Regeneron Pharmaceuticals,REGN,0.0013,755.9,18.9,-0.0256
133,Howmet Aerospace,HWM,0.0013,197.28,-0.64,-0.0032
134,Marriott International,MAR,0.0013,295.84,13.46,-0.04769999999999999
135,TransDigm Group,TDG,0.0013,1347.22,19.35,-0.0146
136,Ecolab,ECL,0.0013,267.07,5.33,-0.0204
137,Apollo Global Management,APO,0.0013,130.02,3.26,-0.025699999999999997
138,Cintas,CTAS,0.0013,185.8,2.6,-0.014199999999999999
139,Aon,AON,0.0013,346.51,0.62,-0.0018
140,Cigna,CI,0.0012,278.09,8.49,-0.0315
141,U.S. Bancorp,USB,0.0012,47.78,1.29,-0.0277
142,BNY Mellon,BK,0.0012,106.43,-0.03,-0.0003
143,Equinix,EQIX,0.0012,754.68,1.87,-0.0025
144,Mondelez International,MDLZ,0.0012,57.0,1.25,-0.022400000000000003
145,PNC Financial Services,PNC,0.0012,186.99,3.45,-0.018799999999999997
146,Williams Companies,WMB,0.0012,59.61,0.7,-0.011899999999999999
147,Synopsys,SNPS,0.0012,388.36,2.76,-0.0072
148,Emerson Electric,EMR,0.0012,128.22,4.5,-0.0364
149,Royal Caribbean Group,RCL,0.0012,264.09,11.37,-0.045
150,Illinois Tool Works,ITW,0.0012,247.77,6.67,-0.0277
151,Elevance Health,ELV,0.0012,321.73,7.74,-0.024700000000000003
152,Cencora,COR,0.0012,365.68,3.61,-0.01
153,Monster Beverage,MNST,0.0012,72.04,-0.18,-0.0025
154,Johnson Controls,JCI,0.0012,113.55,0.56,-0.005
155,Airbnb,ABNB,0.0012,114.26,2.72,-0.024399999999999998
156,Corning Inc.,GLW,0.0011,79.46,1.43,-0.0183
157,Republic Services,RSG,0.0011,219.0,0.57,-0.0026
158,General Motors,GM,0.0011,70.33,2.29,-0.0337
159,Colgate-Palmolive,CL,0.0011,80.93,2.07,-0.0262
160,Cummins,CMI,0.0011,472.51,7.32,-0.015700000000000002
161,AutoZone,AZO,0.0011,3897.88,48.07,-0.0125
162,Coinbase Global,COIN,0.0011,240.41,2.25,-0.009399999999999999
163,Travelers Companies (The),TRV,0.0011,290.07,2.22,-0.0077
164,Arthur J. Gallagher & Co.,AJG,0.0011,251.41,4.11,-0.0166
165,American Electric Power,AEP,0.0011,120.84,-0.06,-0.0005
166,TE Connectivity,TEL,0.0011,218.93,4.44,-0.0207
167,Norfolk Southern Railway,NSC,0.0011,286.29,6.07,-0.0217
168,Quanta Services,PWR,0.0011,430.15,0.37,-0.0009
169,CSX Corporation,CSX,0.0011,34.28,0.6,-0.0178
170,Hilton Worldwide,HLT,0.0011,274.48,10.16,-0.0384
171,FedEx,FDX,0.0011,269.43,6.33,-0.0241
172,Autodesk,ADSK,0.001,290.8,3.86,-0.0134
173,Motorola Solutions,MSI,0.001,368.99,1.95,-0.0053
174,Sempra,SRE,0.001,92.5,1.79,-0.0197
175,"Workday, Inc.",WDAY,0.001,225.14,8.33,-0.0384
176,Kinder Morgan,KMI,0.001,26.98,0.26,-0.0097
177,Simon Property Group,SPG,0.001,183.08,3.01,-0.0167
178,Fortinet,FTNT,0.001,78.86,0.81,-0.0104
179,Truist Financial,TFC,0.001,45.48,1.08,-0.024300000000000002
180,Aflac,AFL,0.001,110.98,0.43,-0.0039000000000000003
181,EOG Resources,EOG,0.001,106.97,0.9,-0.0085
182,Idexx Laboratories,IDXX,0.001,725.91,36.56,-0.053
183,Warner Bros. Discovery,WBD,0.001,23.17,0.29,-0.0127
184,Marathon Petroleum,MPC,0.001,190.62,2.75,-0.0146
185,Air Products,APD,0.001,257.37,6.28,-0.025
186,Freeport-McMoRan,FCX,0.001,39.87,0.24,-0.0060999999999999995
187,Vistra Corp.,VST,0.001,168.59,-5.2,-0.029900000000000003
188,PayPal,PYPL,0.001,60.57,2.47,-0.0424
189,Ross Stores,ROST,0.001,174.0,13.5,-0.08410000000000001
190,Allstate,ALL,0.0009,214.32,2.58,-0.012199999999999999
191,Datadog,DDOG,0.0009,157.55,-2.02,-0.0127
192,Becton Dickinson,BDX,0.0009,192.72,3.14,-0.0166
193,Paccar,PCAR,0.0009,102.99,5.39,-0.0552
194,Schlumberger,SLB,0.0009,36.19,1.0,-0.028399999999999998
195,Digital Realty,DLR,0.0009,157.18,-0.41,-0.0026
196,Phillips 66,PSX,0.0009,133.72,1.73,-0.0131
197,Zoetis,ZTS,0.0009,122.06,6.17,-0.053200000000000004
198,Valero Energy,VLO,0.0009,173.45,2.63,-0.0154
199,Dominion Energy,D,0.0009,61.47,0.64,-0.0105
200,Realty Income,O,0.0009,56.67,0.37,-0.0066
201,L3Harris,LHX,0.0009,277.78,-6.44,-0.0227
202,Seagate Technology,STX,0.0009,237.49,-3.01,-0.0125
203,Ford Motor Company,F,0.0009,12.83,0.42,-0.0338
204,United Rentals,URI,0.0009,800.0,30.0,-0.039
205,Electronic Arts,EA,0.0008,200.69,-0.43,-0.0021
206,"Nasdaq, Inc.",NDAQ,0.0008,87.66,0.67,-0.0077
207,Cardinal Health,CAH,0.0008,209.48,1.58,-0.0076
208,MetLife,MET,0.0008,75.07,1.15,-0.015600000000000001
209,Edwards Lifesciences,EW,0.0008,85.13,1.04,-0.0124
210,Baker Hughes,BKR,0.0008,48.88,0.81,-0.0169
211,NXP Semiconductors,NXPI,0.0008,191.35,7.16,-0.038900000000000004
212,Roper Technologies,ROP,0.0008,443.75,2.89,-0.0066
213,Western Digital,WDC,0.0008,139.19,-1.04,-0.0074
214,Public Storage,PSA,0.0008,269.51,4.06,-0.015300000000000001
215,Xcel Energy,XEL,0.0008,79.67,0.18,-0.0023
216,CBRE Group,CBRE,0.0008,156.79,5.21,-0.0344
217,Exelon,EXC,0.0008,45.75,0.34,-0.0075
218,Fastenal,FAST,0.0008,39.91,0.76,-0.0194
219,W. W. Grainger,GWW,0.0008,952.15,27.0,-0.0292
220,Ametek,AME,0.0008,195.02,5.0,-0.0263
221,ONEOK,OKE,0.0007000000000000001,70.53,0.81,-0.0116
222,Corteva,CTVA,0.0007000000000000001,65.54,1.16,-0.018000000000000002
223,Carrier Global,CARR,0.0007000000000000001,52.41,2.05,-0.0407
224,Kroger,KR,0.0007000000000000001,66.06,0.16,-0.0024
225,Take-Two Interactive,TTWO,0.0007000000000000001,235.47,0.1,-0.0004
226,Las Vegas Sands,LVS,0.0007000000000000001,64.31,0.83,-0.0131
227,Agilent Technologies,A,0.0007000000000000001,151.25,6.19,-0.042699999999999995
228,D. R. Horton,DHI,0.0007000000000000001,146.71,9.39,-0.0684
229,Rockwell Automation,ROK,0.0007000000000000001,378.73,10.03,-0.027200000000000002
230,Yum! Brands,YUM,0.0007000000000000001,152.98,3.77,-0.0253
231,Fair Isaac,FICO,0.0007000000000000001,1788.2,67.65,-0.0393
232,MSCI,MSCI,0.0007000000000000001,561.99,1.91,-0.0034000000000000002
233,Diamondback Energy,FANG,0.0007000000000000001,146.44,0.19,-0.0013
234,Entergy,ETR,0.0007000000000000001,93.7,0.35,-0.0037
235,Chipotle Mexican Grill,CMG,0.0007000000000000001,31.63,1.28,-0.042199999999999994
236,Monolithic Power Systems,MPWR,0.0007000000000000001,872.35,15.16,-0.0177
237,Ameriprise Financial,AMP,0.0007000000000000001,447.56,5.93,-0.0134
238,Axon Enterprise,AXON,0.0007000000000000001,521.99,2.38,-0.0046
239,American International Group,AIG,0.0007000000000000001,75.96,0.27,-0.0036
240,Occidental Petroleum,OXY,0.0007000000000000001,41.44,0.23,-0.005600000000000001
241,Public Service Enterprise Group,PEG,0.0007000000000000001,81.27,0.51,-0.0063
242,Paychex,PAYX,0.0007000000000000001,111.46,3.0,-0.0277
243,Target Corporation,TGT,0.0007000000000000001,87.62,3.94,-0.0471
244,Copart,CPRT,0.0007000000000000001,40.73,-0.29,-0.0070999999999999995
245,Crown Castle,CCI,0.0007000000000000001,90.01,-0.11,-0.0012
246,IQVIA,IQV,0.0006,224.9,7.79,-0.0359
247,Delta Air Lines,DAL,0.0006,58.57,2.6,-0.04650000000000001
248,Vulcan Materials Company,VMC,0.0006,287.83,1.86,-0.006500000000000001
249,Hartford (The),HIG,0.0006,136.45,1.68,-0.0125
250,Hershey Company (The),HSY,0.0006,186.0,3.34,-0.0183
251,Keurig Dr Pepper,KDP,0.0006,27.74,0.53,-0.0195
252,"Block, Inc.",XYZ,0.0006,61.95,0.0,-0.0
253,Prudential Financial,PRU,0.0006,106.75,2.63,-0.0253
254,Ventas,VTR,0.0006,79.24,-0.54,-0.0068000000000000005
255,Garmin,GRMN,0.0006,192.23,5.13,-0.0274
256,Sysco,SYY,0.0006,76.63,1.15,-0.0152
257,Cognizant,CTSH,0.0006,75.98,3.63,-0.050199999999999995
258,Targa Resources,TRGP,0.0006,170.54,0.34,-0.002
259,ResMed,RMD,0.0006,250.75,6.83,-0.027999999999999997
260,eBay,EBAY,0.0006,80.84,0.79,-0.009899999999999999
261,Martin Marietta Materials,MLM,0.0006,603.18,6.18,-0.0104
262,WEC Energy Group,WEC,0.0006,111.14,0.49,-0.0044
263,Consolidated Edison,ED,0.0006,100.16,-0.79,-0.0078000000000000005
264,EQT Corporation,EQT,0.0006,57.03,0.68,-0.0121
265,Kimberly-Clark,KMB,0.0006,105.18,1.42,-0.0137
266,Carnival,CCL,0.0006,26.56,1.24,-0.049
267,Nucor,NUE,0.0006,152.35,5.15,-0.035
268,GE HealthCare,GEHC,0.0006,76.45,1.7,-0.0227
269,PG&E Corporation,PCG,0.0006,15.67,-0.17,-0.010700000000000001
270,Otis Worldwide,OTIS,0.0006,88.06,1.2,-0.0138
271,Wabtec,WAB,0.0006,200.22,4.08,-0.0208
272,Xylem Inc.,XYL,0.0006,140.39,2.35,-0.017
273,Arch Capital Group,ACGL,0.0006,92.46,0.58,-0.0063
274,Fidelity National Information Services,FIS,0.0006,64.07,1.69,-0.0271
275,"Fiserv, Inc.",FISV,0.0005,60.84,1.07,-0.0179
276,Estée Lauder Companies (The),EL,0.0005,89.9,3.29,-0.038
277,State Street Corporation,STT,0.0005,114.36,1.06,-0.009399999999999999
278,Kenvue,KVUE,0.0005,16.64,0.49,-0.030299999999999997
279,Lennar,LEN,0.0005,123.16,6.91,-0.0594
280,Verisk Analytics,VRSK,0.0005,223.16,1.28,-0.0058
281,Ingersoll Rand,IR,0.0005,78.54,4.0,-0.0537
282,Vici Properties,VICI,0.0005,28.82,0.02,-0.0007000000000000001
283,NRG Energy,NRG,0.0005,159.2,-1.26,-0.0079
284,Live Nation Entertainment,LYV,0.0005,130.63,1.62,-0.0126
285,Expedia Group,EXPE,0.0005,247.49,12.72,-0.0542
286,Raymond James Financial,RJF,0.0005,152.99,1.66,-0.011000000000000001
287,Willis Towers Watson,WTW,0.0005,315.05,0.17,-0.0005
288,Kraft Heinz,KHC,0.0005,25.29,0.31,-0.0124
289,United Airlines Holdings,UAL,0.0005,92.2,2.15,-0.0239
290,Keysight Technologies,KEYS,0.0005,172.71,3.04,-0.0179
291,W. R. Berkley Corporation,WRB,0.0005,78.1,0.8,-0.0103
292,Mettler Toledo,MTD,0.0005,1452.35,52.94,-0.0378
293,Kellanova,K,0.0005,83.45,0.05,-0.0006
294,"Rollins, Inc.",ROL,0.0005,60.31,0.68,-0.011399999999999999
295,M&T Bank,MTB,0.0005,188.6,5.85,-0.032
296,CoStar Group,CSGP,0.0005,67.25,1.73,-0.0264
297,Atmos Energy,ATO,0.0005,175.16,0.39,-0.0022
298,Ameren,AEE,0.0005,104.53,1.07,-0.0103
299,DTE Energy,DTE,0.0005,135.77,0.06,-0.0004
300,Archer Daniels Midland,ADM,0.0005,58.63,0.76,-0.0131
301,Old Dominion,ODFL,0.0005,134.28,7.99,-0.0633
302,Fifth Third Bancorp,FITB,0.0005,42.42,1.14,-0.0276
303,Tractor Supply,TSCO,0.0005,52.92,0.28,-0.0053
304,Extra Space Storage,EXR,0.0005,131.46,2.65,-0.0206
305,Microchip Technology,MCHP,0.0005,50.9,1.88,-0.0384
306,Brown & Brown,BRO,0.0005,80.32,0.7,-0.0088
307,Expand Energy,EXE,0.0005,114.99,0.49,-0.0043
308,Humana,HUM,0.0005,227.1,3.81,-0.0171
309,Interactive Brokers Group,IBKR,0.0005,61.05,-0.51,-0.0083
310,FirstEnergy,FE,0.0005,46.89,0.32,-0.0069
311,Hewlett Packard Enterprise,HPE,0.0005,20.52,0.5,-0.025
312,Synchrony Financial,SYF,0.0005,74.62,2.37,-0.032799999999999996
313,First Solar,FSLR,0.0005,249.91,4.07,-0.0166
314,PPL Corporation,PPL,0.0004,36.12,0.58,-0.0163
315,Broadridge Financial Solutions,BR,0.0004,228.39,1.27,-0.005600000000000001
316,Cboe Global Markets,CBOE,0.0004,252.6,-2.72,-0.010700000000000001
317,Charter Communications,CHTR,0.0004,203.0,8.29,-0.0426
318,Equifax,EFX,0.0004,213.73,7.08,-0.034300000000000004
319,"EMCOR Group, Inc.",EME,0.0004,581.58,-1.5,-0.0026
320,Cincinnati Financial,CINF,0.0004,166.02,2.36,-0.0144
321,American Water Works,AWK,0.0004,132.74,4.61,-0.036000000000000004
322,Steris,STE,0.0004,263.29,6.31,-0.0246
323,CenterPoint Energy,CNP,0.0004,39.56,-0.03,-0.0008
324,General Mills,GIS,0.0004,48.33,0.52,-0.0109
325,Biogen,BIIB,0.0004,175.3,7.12,-0.042300000000000004
326,AvalonBay Communities,AVB,0.0004,180.68,3.64,-0.0206
327,Dover Corporation,DOV,0.0004,183.58,5.55,-0.031200000000000002
328,Iron Mountain,IRM,0.0004,85.02,2.02,-0.024300000000000002
329,Teradyne,TER,0.0004,158.91,3.01,-0.019299999999999998
330,Huntington Bancshares,HBAN,0.0004,15.88,0.56,-0.0366
331,Veralto,VLTO,0.0004,98.98,1.69,-0.0174
332,Eversource Energy,ES,0.0004,64.55,1.0,-0.015700000000000002
333,Northern Trust,NTRS,0.0004,127.13,1.41,-0.011200000000000002
334,Leidos,LDOS,0.0004,186.49,0.83,-0.0045000000000000005
335,Dexcom,DXCM,0.0004,60.23,1.81,-0.031
336,Waters Corporation,WAT,0.0004,393.99,15.37,-0.0406
337,PulteGroup,PHM,0.0004,120.32,5.97,-0.052199999999999996
338,Verisign,VRSN,0.0004,251.42,3.0,-0.0121
339,Insulet Corporation,PODD,0.0004,331.17,18.28,-0.0584
340,Constellation Brands,STZ,0.0004,133.66,3.21,-0.0246
341,Teledyne Technologies,TDY,0.0004,494.87,10.4,-0.0215
342,Ulta Beauty,ULTA,0.0004,515.58,19.14,-0.038599999999999995
343,Steel Dynamics,STLD,0.0004,158.16,5.05,-0.033
344,Equity Residential,EQR,0.0004,60.55,1.39,-0.0235
345,Edison International,EIX,0.0004,58.58,0.5,-0.0086
346,CMS Energy,CMS,0.0004,74.04,0.54,-0.0073
347,Citizens Financial Group,CFG,0.0004,52.3,1.6,-0.0316
348,Hubbell Incorporated,HUBB,0.0004,421.84,14.48,-0.0355
349,HP Inc.,HPQ,0.0004,23.96,1.35,-0.059699999999999996
350,Dollar General,DG,0.0004,101.7,1.41,-0.0141
351,Devon Energy,DVN,0.0004,35.65,0.49,-0.0139
352,PPG Industries,PPG,0.0004,98.7,3.5,-0.0368
353,LabCorp,LH,0.0004,265.64,4.17,-0.0159
354,Loews Corporation,L,0.0004,106.4,1.46,-0.0139
355,T. Rowe Price,TROW,0.0004,100.31,3.0,-0.0308
356,Regions Financial Corporation,RF,0.0004,24.91,0.81,-0.0336
357,Halliburton,HAL,0.0004,25.82,0.2,-0.0078000000000000005
358,"Tapestry, Inc.",TPR,0.0004,105.24,3.06,-0.029900000000000003
359,Williams-Sonoma,WSM,0.0004,177.93,5.38,-0.031200000000000002
360,NetApp,NTAP,0.0004,107.3,4.06,-0.0393
361,Quest Diagnostics,DGX,0.0004,191.25,3.64,-0.0194
362,Jabil,JBL,0.0004,196.7,4.21,-0.0219
363,SBA Communications,SBAC,0.0003,195.02,-0.23,-0.0012
364,Dollar Tree,DLTR,0.0003,101.82,3.26,-0.0331
365,PTC Inc.,PTC,0.0003,172.12,1.69,-0.009899999999999999
366,Ralph Lauren Corporation,RL,0.0003,339.88,12.92,-0.0395
367,Texas Pacific Land Corporation,TPL,0.0003,896.43,12.87,-0.0146
368,Tyler Technologies,TYL,0.0003,472.77,6.77,-0.014499999999999999
369,Darden Restaurants,DRI,0.0003,174.72,5.51,-0.0326
370,NiSource,NI,0.0003,42.78,0.38,-0.009000000000000001
371,Corpay,CPAY,0.0003,288.82,11.52,-0.0415
372,"NVR, Inc.",NVR,0.0003,7388.82,225.49,-0.0315
373,Church & Dwight,CHD,0.0003,84.02,0.68,-0.008199999999999999
374,Incyte,INCY,0.0003,102.06,0.3,-0.0029
375,Lululemon Athletica,LULU,0.0003,168.18,3.49,-0.0212
376,International Paper,IP,0.0003,37.67,2.07,-0.0581
377,Amcor,AMCR,0.0003,8.5,0.14,-0.0167
378,Coterra,CTRA,0.0003,25.75,0.35,-0.0138
379,West Pharmaceutical Services,WST,0.0003,271.07,13.3,-0.0516
380,KeyCorp,KEY,0.0003,17.82,0.54,-0.0313
381,Supermicro,SMCI,0.0003,32.19,0.63,-0.02
382,Expeditors International,EXPD,0.0003,143.21,4.91,-0.0355
383,"The Trade Desk, Inc.",TTD,0.0003,39.65,1.3,-0.0339
384,Tyson Foods,TSN,0.0003,53.67,0.96,-0.0182
385,ON Semiconductor,ON,0.0003,46.7,1.8,-0.0401
386,Principal Financial Group,PFG,0.0003,84.29,1.93,-0.023399999999999997
387,Trimble Inc.,TRMB,0.0003,77.03,2.21,-0.029500000000000002
388,McCormick & Company,MKC,0.0003,68.16,0.68,-0.0101
389,Bunge Global,BG,0.0003,94.58,1.78,-0.0192
390,Zimmer Biomet,ZBH,0.0003,92.18,3.11,-0.0349
391,CDW,CDW,0.0003,140.2,3.56,-0.026099999999999998
392,Centene Corporation,CNC,0.0003,36.5,1.67,-0.0479
393,C.H. Robinson,CHRW,0.0003,151.68,3.11,-0.0209
394,Genuine Parts Company,GPC,0.0003,128.56,3.53,-0.0282
395,Packaging Corporation of America,PKG,0.0003,197.31,5.63,-0.0294
396,Smurfit WestRock,SW,0.0003,33.78,0.99,-0.0302
397,Alliant Energy,LNT,0.0003,68.27,0.8,-0.011899999999999999
398,Paramount Skydance Corp,PSKY,0.0003,15.89,0.21,-0.0134
399,Snap-on,SNA,0.0003,335.9,4.68,-0.0141
400,Evergy,EVRG,0.0003,75.85,0.13,-0.0017000000000000001
401,Global Payments,GPN,0.0003,73.49,2.02,-0.028300000000000002
402,Invitation Homes,INVH,0.0003,28.19,0.24,-0.0086
403,International Flavors & Fragrances,IFF,0.0003,67.45,2.89,-0.044800000000000006
404,GoDaddy,GDDY,0.0003,127.06,2.83,-0.022799999999999997
405,Pentair,PNR,0.0003,104.79,3.31,-0.0326
406,Southwest Airlines,LUV,0.0003,32.8,1.64,-0.0526
407,Gartner,IT,0.0003,234.18,10.05,-0.044800000000000006
408,Essex Property Trust,ESS,0.0003,261.2,5.47,-0.021400000000000002
409,Fortive,FTV,0.0003,52.82,1.98,-0.038900000000000004
410,Hologic,HOLX,0.0003,74.36,0.24,-0.0032
411,Gen Digital,GEN,0.0003,26.54,0.48,-0.0184
412,Lennox International,LII,0.0003,465.12,20.86,-0.047
413,DuPont,DD,0.0003,38.54,1.42,-0.0383
414,Best Buy,BBY,0.0003,76.45,2.67,-0.0362
415,Aptiv,APTV,0.0003,74.13,3.85,-0.0548
416,Qnity Electronics,Q,0.0003,75.8,0.9,-0.012
417,J.B. Hunt,JBHT,0.0003,166.43,7.51,-0.0473
418,Dow Inc.,DOW,0.0003,22.2,1.25,-0.059699999999999996
419,Weyerhaeuser,WY,0.0003,21.78,0.41,-0.0192
420,Mid-America Apartment Communities,MAA,0.0003,133.61,2.74,-0.0209
421,Erie Indemnity,ERIE,0.0003,296.36,3.3,-0.0113
422,Jacobs Solutions,J,0.0003,128.77,-0.4,-0.0031
423,Cooper Companies (The),COO,0.0003,75.47,4.36,-0.0613
424,Universal Health Services,UHS,0.0002,231.92,6.54,-0.028999999999999998
425,Omnicom Group,OMC,0.0002,74.87,3.36,-0.047
426,LyondellBasell,LYB,0.0002,44.8,2.25,-0.0529
427,Solventum,SOLV,0.0002,82.9,3.39,-0.0426
428,Textron,TXT,0.0002,81.33,1.8,-0.0226
429,TKO Group Holdings,TKO,0.0002,178.17,1.68,-0.0095
430,Allegion,ALLE,0.0002,162.87,3.42,-0.021400000000000002
431,Fox Corporation (Class B),FOX,0.0002,59.14,0.49,-0.0084
432,Kimco Realty,KIM,0.0002,20.36,0.49,-0.024700000000000003
433,Domino's,DPZ,0.0002,407.4,10.19,-0.025699999999999997
434,Albemarle Corporation,ALB,0.0002,116.82,0.4,-0.0034000000000000002
435,Fox Corporation (Class A),FOXA,0.0002,65.69,0.55,-0.0084
436,"F5, Inc.",FFIV,0.0002,234.29,8.46,-0.0375
437,Brown–Forman,BF.B,0.0002,28.45,0.55,-0.0197
438,Ball Corporation,BALL,0.0002,49.87,1.96,-0.0409
439,Avery Dennison,AVY,0.0002,170.46,4.45,-0.0268
440,Nordson Corporation,NDSN,0.0002,233.48,5.4,-0.023700000000000002
441,Everest Group,EG,0.0002,311.34,6.35,-0.0208
442,Regency Centers,REG,0.0002,70.87,1.46,-0.021
443,Masco,MAS,0.0002,62.24,2.14,-0.0356
444,Akamai Technologies,AKAM,0.0002,89.01,1.63,-0.0187
445,IDEX Corporation,IEX,0.0002,170.65,7.65,-0.046900000000000004
446,Clorox,CLX,0.0002,103.92,3.85,-0.0385
447,Hormel Foods,HRL,0.0002,22.69,0.37,-0.0166
448,Wynn Resorts,WYNN,0.0002,119.6,2.46,-0.021
449,Deckers Brands,DECK,0.0002,85.13,3.65,-0.044800000000000006
450,Healthpeak Properties,DOC,0.0002,17.84,0.44,-0.0253
451,Jack Henry & Associates,JKHY,0.0002,170.8,3.03,-0.0181
452,CF Industries,CF,0.0002,78.54,0.75,-0.0096
453,Zebra Technologies,ZBRA,0.0002,240.95,12.55,-0.054900000000000004
454,Viatris,VTRS,0.0002,10.46,0.27,-0.0265
455,Huntington Ingalls Industries,HII,0.0002,305.49,3.66,-0.0121
456,Host Hotels & Resorts,HST,0.0002,17.42,0.61,-0.0363
457,"UDR, Inc.",UDR,0.0002,35.59,0.91,-0.0262
458,Assurant,AIZ,0.0002,226.82,0.77,-0.0034000000000000002
459,Franklin Resources,BEN,0.0002,21.68,0.5,-0.0236
460,J.M. Smucker Company (The),SJM,0.0002,105.54,1.79,-0.0173
461,Builders FirstSource,BLDR,0.0002,101.62,6.77,-0.07139999999999999
462,Camden Property Trust,CPT,0.0002,105.23,1.47,-0.014199999999999999
463,Revvity,RVTY,0.0002,98.27,4.25,-0.0452
464,Hasbro,HAS,0.0002,79.2,2.44,-0.0318
465,"BXP, Inc.",BXP,0.0002,70.04,1.38,-0.020099999999999996
466,Dayforce,DAY,0.0002,68.85,-0.02,-0.0003
467,Pinnacle West,PNW,0.0002,89.15,-0.19,-0.0021
468,Globe Life,GL,0.0002,132.42,2.05,-0.015700000000000002
469,FactSet,FDS,0.0002,277.02,3.97,-0.014499999999999999
470,Invesco,IVZ,0.0002,23.22,0.52,-0.0229
471,Stanley Black & Decker,SWK,0.0002,66.15,3.71,-0.0594
472,Align Technology,ALGN,0.0002,142.56,9.75,-0.07339999999999999
473,EPAM Systems,EPAM,0.0002,180.98,2.36,-0.0132
474,AES Corporation,AES,0.0002,13.75,0.24,-0.0178
475,Bio-Techne,TECH,0.0002,61.53,2.8,-0.04769999999999999
476,News Corp (Class A),NWSA,0.0002,25.69,0.89,-0.0359
477,Campbell Soup Company,CPB,0.0002,31.66,0.86,-0.0279
478,Baxter International,BAX,0.0002,18.31,0.89,-0.051100000000000007
479,Interpublic Group of Companies (The),IPG,0.0002,25.72,1.17,-0.04769999999999999
480,Skyworks Solutions,SWKS,0.0002,62.61,2.11,-0.0349
481,Moderna,MRNA,0.0002,23.72,1.36,-0.0608
482,Molson Coors Beverage Company,TAP,0.0002,46.11,0.64,-0.0141
483,A. O. Smith,AOS,0.0002,65.1,1.85,-0.0292
484,Pool Corporation,POOL,0.0002,239.98,9.77,-0.0424
485,MGM Resorts,MGM,0.0001,32.55,1.79,-0.0582
486,Paycom,PAYC,0.0001,162.14,2.23,-0.0139
487,Alexandria Real Estate Equities,ARE,0.0001,50.89,2.03,-0.0415
488,Henry Schein,HSIC,0.0001,73.4,2.22,-0.031200000000000002
489,Generac,GNRC,0.0001,146.04,5.82,-0.0415
490,Conagra Brands,CAG,0.0001,17.77,0.39,-0.022400000000000003
491,APA Corporation,APA,0.0001,23.95,0.57,-0.024399999999999998
492,DaVita,DVA,0.0001,120.25,4.9,-0.0425
493,Federal Realty Investment Trust,FRT,0.0001,97.97,1.71,-0.0178
494,Norwegian Cruise Line Holdings,NCLH,0.0001,18.2,0.7,-0.04
495,Charles River Laboratories,CRL,0.0001,167.64,5.56,-0.034300000000000004
496,Lamb Weston,LW,0.0001,57.68,2.09,-0.037599999999999995
497,Mosaic Company (The),MOS,0.0001,24.17,0.24,-0.01
498,Match Group,MTCH,0.0001,32.27,1.02,-0.0326
499,LKQ Corporation,LKQ,0.0001,29.56,0.8,-0.0278
500,Molina Healthcare,MOH,0.0001,141.56,7.05,-0.0524
501,Solstice Advanced Materials Inc.,SOLS,0.0001,44.44,1.19,-0.0275
502,Mohawk Industries,MHK,0.0001,109.93,6.25,-0.0603
503,News Corp (Class B),NWS,0.0001,29.0,1.02,-0.0365
